{"cameraMode":{"drawMode":0,"name":"Shaded","section":"Shading Mode"},"sceneLighting":true,"audioPlay":false,"sceneViewState":{"showFog":true,"showMaterialUpdate":false,"showSkybox":true,"showFlares":true,"showImageEffects":true,"showParticleSystems":true},"in2DMode":false,"pivot":{"x":0.0627840906381607,"y":1.8028899431228638,"z":5.169400691986084},"rotation":{"x":0.04189083352684975,"y":0.06798865646123886,"z":-0.0028549942653626205,"w":0.996807336807251},"size":0.8590170741081238,"orthographic":false}