{"cameraMode":{"drawMode":0,"name":"Shaded","section":"Shading Mode"},"sceneLighting":true,"audioPlay":false,"sceneViewState":{"showFog":true,"showMaterialUpdate":false,"showSkybox":true,"showFlares":true,"showImageEffects":true,"showParticleSystems":true},"in2DMode":false,"pivot":{"x":0.7265589237213135,"y":-0.1911437213420868,"z":5.113037109375},"rotation":{"x":0.2536030411720276,"y":-0.47026917338371279,"z":0.14315594732761384,"w":0.8330901861190796},"size":2.79695200920105,"orthographic":false}