{"cameraMode":{"drawMode":0,"name":"Shaded","section":"Shading Mode"},"sceneLighting":true,"audioPlay":false,"sceneViewState":{"showFog":true,"showMaterialUpdate":false,"showSkybox":true,"showFlares":true,"showImageEffects":true,"showParticleSystems":true},"in2DMode":false,"pivot":{"x":1.129842758178711,"y":1.102728247642517,"z":5.2105607986450199},"rotation":{"x":0.40990668535232546,"y":0.1365308314561844,"z":-0.06220328435301781,"w":0.8997105360031128},"size":1.1265158653259278,"orthographic":false}