{"cameraMode":{"drawMode":0,"name":"Shaded","section":"Shading Mode"},"sceneLighting":true,"audioPlay":false,"sceneViewState":{"showFog":true,"showMaterialUpdate":false,"showSkybox":true,"showFlares":true,"showImageEffects":true,"showParticleSystems":true},"in2DMode":false,"pivot":{"x":2.2298221588134767,"y":-0.21539145708084107,"z":6.708884239196777},"rotation":{"x":-0.26996374130249026,"y":-0.27715498208999636,"z":0.08163201063871384,"w":-0.91856849193573},"size":1.836879014968872,"orthographic":false}