{"cameraMode":{"drawMode":0,"name":"Shaded","section":"Shading Mode"},"sceneLighting":true,"audioPlay":false,"sceneViewState":{"showFog":true,"showMaterialUpdate":false,"showSkybox":true,"showFlares":true,"showImageEffects":true,"showParticleSystems":true},"in2DMode":false,"pivot":{"x":4.099669456481934,"y":-2.8505284786224367,"z":-0.1924726366996765},"rotation":{"x":0.24520960450172425,"y":0.6485968232154846,"z":-0.23334714770317079,"w":0.6817524433135986},"size":4.921888828277588,"orthographic":false}