{"cameraMode":{"drawMode":0,"name":"Shaded","section":"Shading Mode"},"sceneLighting":true,"audioPlay":false,"sceneViewState":{"showFog":true,"showMaterialUpdate":false,"showSkybox":true,"showFlares":true,"showImageEffects":true,"showParticleSystems":true},"in2DMode":false,"pivot":{"x":-13.129220962524414,"y":-7.533992767333984,"z":3.170109510421753},"rotation":{"x":-0.2840142846107483,"y":0.6224839687347412,"z":-0.2593810558319092,"w":-0.6815999746322632},"size":11.621536254882813,"orthographic":false}